Description,Price,Rating,ReviewCount,Url
"SAMSUNG Galaxy S22 Smartphone, Factory Unlocked Android Cell Phone, 128GB, 8K Camera & Video, Brightest Display, Long Battery Life, Fast 4nm Processor, US Version, Pink Gold",$699.99,4.0,56,https://www.amazon.com/gp/slredirect/picassoRedirect.html/ref=pa_sp_atf_aps_sr_pg1_1?ie=UTF8&adId=A057771820DTDOT14GFLR&url=%2FSAMSUNG-Smartphone-Unlocked-Brightest-Processor%2Fdp%2FB09MVYN4M4%2Fref%3Dsr_1_1_sspa%3Fkeywords%3Dsamsung%2Bgalaxy%26qid%3D1655266067%26sr%3D8-1-spons%26psc%3D1&qualifier=1655266067&id=1036098800080128&widgetName=sp_atf
"Samsung Galaxy S10, 128GB, Prism Black - Unlocked (Renewed)",$197.00,4.3,"10,371",https://www.amazon.com/Samsung-Factory-Unlocked-Warranty-Renewed/dp/B07PFL39NH/ref=sr_1_2?keywords=samsung+galaxy&qid=1655266067&sr=8-2
"SAMSUNG Galaxy S22 Smartphone, Factory Unlocked Android Cell Phone, 128GB, 8K Camera & Video, Brightest Display, Long Battery Life, Fast 4nm Processor, US Version, Green",$699.99,4.0,76,https://www.amazon.com/SAMSUNG-Smartphone-Unlocked-Brightest-Processor/dp/B09MVYVBR6/ref=sr_1_3?keywords=samsung+galaxy&qid=1655266067&sr=8-3
"Samsung Electronics Galaxy S21 FE 5G Cell Phone, Factory Unlocked Android Smartphone, 128GB, 120Hz Display, Pro Grade Camera, All Day Intelligent Battery, US Version, Graphite",$624.99,4.6,"10,576",https://www.amazon.com/Samsung-Unlocked-Smartphone-Intelligent-Graphite/dp/B09BFTMQH9/ref=sr_1_4?keywords=samsung+galaxy&qid=1655266067&sr=8-4
"Samsung Galaxy S10e, 128GB, Prism Black - Unlocked (Renewed)",$163.00,4.3,"7,915",https://www.amazon.com/Samsung-Galaxy-128GB-Prism-Black/dp/B082T4F34B/ref=sr_1_5?keywords=samsung+galaxy&qid=1655266067&sr=8-5
"Samsung Galaxy A33 5G (SM-A336M/DS),128GB 6GB RAM, Factory Unlocked GSM, International Version (128GB SD Card Bundle) - No Warranty - (Awesome Peach)",$286.45,5.0,1,https://www.amazon.com/Samsung-SM-A336M-Factory-Unlocked-International/dp/B09Y9JJ2RJ/ref=sr_1_6?keywords=samsung+galaxy&qid=1655266067&sr=8-6
Samsung Galaxy S9 G960U 64GB - Unlocked Purple (Renewed),$159.00,4.2,607,https://www.amazon.com/Samsung-Galaxy-S9-G960U-64GB/dp/B09K4JL3H6/ref=sr_1_7?keywords=samsung+galaxy&qid=1655266067&sr=8-7
"Samsung Galaxy S21 5G | Factory Unlocked Android Cell Phone | US Version 5G Smartphone | Pro-Grade Camera, 8K Video, 64MP High Res | 128GB, Phantom Violet (SM-G991UZVAXAA)",$799.99,4.5,873,https://www.amazon.com/Samsung-Unlocked-Smartphone-Pro-Grade-SM-G991UZVAXAA/dp/B08N3J7GJ8/ref=sr_1_8?keywords=samsung+galaxy&qid=1655266067&sr=8-8
"SAMSUNG Galaxy A53 5G A Series Smartphone, Factory Unlocked Android Cell Phone, 128GB, 6.5” FHD Super AMOLED Screen, Long Battery Life, US Version, Black",$349.99,4.2,309,https://www.amazon.com/SAMSUNG-Smartphone-Factory-Unlocked-Android/dp/B09R6FJWWS/ref=sr_1_9?keywords=samsung+galaxy&qid=1655266067&sr=8-9
"Samsung Galaxy S20 FE (256GB, 8GB) 6.5"" 120Hz AMOLED, Snapdragon 865, IP68 Water Resistant, Dual SIM GSM Unlocked (Global 4G LTE) International Model SM-G780G/DS (Wireless Charger Bundle, Navy)",$529.99,4.3,282,https://www.amazon.com/gp/slredirect/picassoRedirect.html/ref=pa_sp_mtf_aps_sr_pg1_1?ie=UTF8&adId=A09484652PPGX5VFG54M5&url=%2FSamsung-Snapdragon-Resistant-Unlocked-International%2Fdp%2FB09BK9QWD4%2Fref%3Dsr_1_10_sspa%3Fkeywords%3Dsamsung%2Bgalaxy%26qid%3D1655266067%26sr%3D8-10-spons%26psc%3D1&qualifier=1655266067&id=1036098800080128&widgetName=sp_mtf
"Samsung Galaxy Note 10, 256GB, Aura Glow - Fully Unlocked (Renewed)",$284.00,4.3,"4,091",https://www.amazon.com/Samsung-Factory-Unlocked-Warranty-Renewed/dp/B07Z43ZPTT/ref=sr_1_11?keywords=samsung+galaxy&qid=1655266067&sr=8-11
"Galaxy Z Flip 3 5G Factory Unlocked Android Cell Phone US Version Smartphone Flex Mode Intuitive Camera Compact 128GB Storage US Warranty, Lavender",$849.99,4.4,198,https://www.amazon.com/Unlocked-Smartphone-Intuitive-Warranty-Lavender/dp/B097CMXJ4F/ref=sr_1_12?keywords=samsung+galaxy&qid=1655266067&sr=8-12
"SAMSUNG Galaxy A13 LTE, Factory Unlocked Smartphone, Android Cell Phone, Water Resistant, 50MP Camera, US Version, 32GB, Black",$164.99,4.3,"1,436",https://www.amazon.com/SAMSUNG-Factory-Unlocked-Smartphone-Resistant/dp/B09V87YTC9/ref=sr_1_13?keywords=samsung+galaxy&qid=1655266067&sr=8-13
"Samsung Galaxy A53 5G (SM-A536E/DS) Dual SIM,128 GB 6GB RAM, Factory Unlocked GSM, International Version - No Warranty - (Awesome Peach)",$336.99,4.1,6,https://www.amazon.com/Samsung-SM-A536E-DS-Unlocked-International/dp/B09VCTRDF4/ref=sr_1_14?keywords=samsung+galaxy&qid=1655266067&sr=8-14
"2022 Earbuds Stereo Headphones for Samsung Galaxy S21 Ultra 5G, Galaxy S20 FE, Galaxy S10, S9 Plus, S10e, Note 10, Note 10+ - Designed by AKG - with Microphone and Volume Buttons",$24.98,,,https://www.amazon.com/gp/slredirect/picassoRedirect.html/ref=pa_sp_mtf_aps_sr_pg1_1?ie=UTF8&adId=A02587431NJZJWSZA00XI&url=%2FEarbuds-Stereo-Headphones-Samsung-Galaxy%2Fdp%2FB0B2NT9SJM%2Fref%3Dsr_1_15_sspa%3Fkeywords%3Dsamsung%2Bgalaxy%26qid%3D1655266067%26sr%3D8-15-spons%26psc%3D1&qualifier=1655266067&id=1036098800080128&widgetName=sp_mtf
"Samsung Electronics Galaxy Z Fold 3 5G Factory Unlocked Android Cell Phone US Version Smartphone Tablet 2-in-1 Foldable Dual Screen Under Display Camera 256GB Storage, Phantom Green",$24.98,,,https://www.amazon.com/SAMSUNG-Factory-Unlocked-Smartphone-Foldable/dp/B097CMYTLD/ref=sr_1_16?keywords=samsung+galaxy&qid=1655266067&sr=8-16
"Samsung Galaxy A52 (128GB, 6GB) 6.5"" Super AMOLED 90Hz Display, 64MP Quad Camera, All Day Battery, Dual SIM GSM Unlocked (US + Global) 4G Volte A325M/DS (Fast Car Charger Bundle, Awesome Black)",$267.00,4.0,263,https://www.amazon.com/Samsung-Display-Unlocked-A525M-DS/dp/B08ZGVJDLZ/ref=sr_1_17?keywords=samsung+galaxy&qid=1655266067&sr=8-17
"Samsung Galaxy Note 20 Ultra 5G, 128GB, Mystic Black - Fully Unlocked (Renewed Premium)",$850.00,4.4,78,https://www.amazon.com/Samsung-Galaxy-Ultra-128GB-Mystic/dp/B09DLCT14X/ref=sr_1_18?keywords=samsung+galaxy&qid=1655266067&sr=8-18
Samsung Galaxy S21 5G G991U 128GB Smartphone - T-Mobile Locked - (Renewed),$454.00,4.5,287,https://www.amazon.com/Samsung-Galaxy-S21-5G-Smartphone/dp/B0931V6S29/ref=sr_1_19?keywords=samsung+galaxy&qid=1655266067&sr=8-19
"ExoGuard for Samsung Galaxy A33 Case, Rubber Shockproof Full-Body Cover Case Built-in Screen Protector and Kickstand Compatible with Samsung A33 Phone (Orange)",$19.99,,,https://www.amazon.com/gp/slredirect/picassoRedirect.html/ref=pa_sp_btf_aps_sr_pg1_1?ie=UTF8&adId=A01134891NBO463SZZXA5&url=%2FExoGuard-Shockproof-Full-Body-Protector-Compatible%2Fdp%2FB09NPMXMK9%2Fref%3Dsr_1_20_sspa%3Fkeywords%3Dsamsung%2Bgalaxy%26qid%3D1655266067%26sr%3D8-20-spons%26psc%3D1&qualifier=1655266067&id=1036098800080128&widgetName=sp_btf
Galaxy Z Fold 3 Back Glass Cover Housing Door Replacement with Pre-Installed Tape for Samsung Galaxy Z Fold 3 5G + Tools (Phantom Green),$37.98,5.0,1,https://www.amazon.com/gp/slredirect/picassoRedirect.html/ref=pa_sp_btf_aps_sr_pg1_1?ie=UTF8&adId=A09174523L41V4XWSUSAA&url=%2FHousing-Replacement-Pre-Installed-Samsung-Phantom%2Fdp%2FB09Q8RC7L9%2Fref%3Dsr_1_21_sspa%3Fkeywords%3Dsamsung%2Bgalaxy%26qid%3D1655266067%26sr%3D8-21-spons%26psc%3D1&qualifier=1655266067&id=1036098800080128&widgetName=sp_btf
"TOZO A1 Mini Wireless Earbuds Bluetooth 5.3 in Ear Light-Weight Headphones Built-in Microphone, Immersive Premium Sound Long Distance Connection Headset with Charging Case, Black",$19.99,4.3,"14,519",https://www.amazon.com/gp/slredirect/picassoRedirect.html/ref=pa_sp_btf_aps_sr_pg1_1?ie=UTF8&adId=A06161412YKJUIXIT85D4&url=%2FTOZO-A1-Light-Weight-Headphones-Microphone%2Fdp%2FB09FT58QQP%2Fref%3Dsr_1_22_sspa%3Fkeywords%3Dsamsung%2Bgalaxy%26qid%3D1655266067%26sr%3D8-22-spons%26psc%3D1%26smid%3DA1B1TP8XQ7ZVJZ&qualifier=1655266067&id=1036098800080128&widgetName=sp_btf
